{"cameraMode":{"drawMode":0,"name":"Shaded","section":"Shading Mode"},"sceneLighting":false,"audioPlay":false,"sceneViewState":{"m_AlwaysRefresh":false,"showFog":true,"showSkybox":false,"showFlares":true,"showImageEffects":true,"showParticleSystems":true,"showVisualEffectGraphs":true,"m_FxEnabled":true},"in2DMode":false,"pivot":{"x":0.1001720279455185,"y":0.37220287322998049,"z":0.2417658567428589},"rotation":{"x":0.09248930960893631,"y":0.12006790190935135,"z":-0.011232592165470124,"w":0.9883784055709839},"size":1.0682933330535889,"orthographic":false}