{"cameraMode":{"drawMode":0,"name":"Shaded","section":"Shading Mode"},"sceneLighting":true,"audioPlay":false,"sceneViewState":{"m_AlwaysRefresh":false,"showFog":true,"showSkybox":true,"showFlares":true,"showImageEffects":true,"showParticleSystems":true,"showVisualEffectGraphs":true,"m_FxEnabled":true},"in2DMode":false,"pivot":{"x":0.22146207094192506,"y":1.6782536506652833,"z":1.8020360469818116},"rotation":{"x":-0.15545928478240968,"y":-0.1773751825094223,"z":-0.02838391438126564,"w":0.9713685512542725},"size":0.7284069657325745,"orthographic":false}