{"cameraMode":{"drawMode":0,"name":"Shaded","section":"Shading Mode"},"sceneLighting":false,"audioPlay":false,"sceneViewState":{"m_AlwaysRefresh":false,"showFog":true,"showSkybox":false,"showFlares":true,"showImageEffects":true,"showParticleSystems":true,"showVisualEffectGraphs":true,"m_FxEnabled":true},"in2DMode":false,"pivot":{"x":0.1241607666015625,"y":-0.14698028564453126,"z":0.0061689019203186039},"rotation":{"x":-0.09309092909097672,"y":-0.3006606698036194,"z":0.02949702739715576,"w":-0.9487069249153137},"size":0.35408416390419009,"orthographic":false}