{"cameraMode":{"drawMode":0,"name":"Shaded","section":"Shading Mode"},"sceneLighting":false,"audioPlay":false,"sceneViewState":{"m_AlwaysRefresh":false,"showFog":true,"showSkybox":false,"showFlares":true,"showImageEffects":true,"showParticleSystems":true,"showVisualEffectGraphs":true,"m_FxEnabled":true},"in2DMode":false,"pivot":{"x":-0.011300001293420792,"y":-0.2728999853134155,"z":0.6694362759590149},"rotation":{"x":-0.10757637023925781,"y":0.09736453741788864,"z":-0.010591092519462109,"w":-0.9893485307693481},"size":0.05178655683994293,"orthographic":false}