{"cameraMode":{"drawMode":0,"name":"Shaded","section":"Shading Mode"},"sceneLighting":false,"audioPlay":false,"sceneViewState":{"m_AlwaysRefresh":false,"showFog":true,"showSkybox":false,"showFlares":true,"showImageEffects":true,"showParticleSystems":true,"showVisualEffectGraphs":true,"m_FxEnabled":true},"in2DMode":false,"pivot":{"x":0.7603400349617004,"y":-0.13899999856948853,"z":0.004606734961271286},"rotation":{"x":-0.09309092909097672,"y":-0.3006606698036194,"z":0.02949702739715576,"w":-0.9487069249153137},"size":0.819326639175415,"orthographic":false}